{"stats":{"minecraft:crafted":{"minecraft:wooden_sword":1,"minecraft:crafting_table":2,"minecraft:ladder":6,"minecraft:spruce_planks":68,"minecraft:stick":20,"minecraft:wooden_pickaxe":1},"minecraft:custom":{"minecraft:time_since_rest":6867,"minecraft:sprint_one_cm":66691,"minecraft:damage_taken":410,"minecraft:walk_one_cm":90489,"minecraft:mob_kills":5,"minecraft:damage_dealt":640,"minecraft:swim_one_cm":5180,"minecraft:interact_with_crafting_table":3,"minecraft:fly_one_cm":12391,"minecraft:open_chest":10,"minecraft:crouch_one_cm":57,"minecraft:play_time":28395,"minecraft:sneak_time":254,"minecraft:walk_under_water_one_cm":1079,"minecraft:jump":229,"minecraft:leave_game":17,"minecraft:walk_on_water_one_cm":8019,"minecraft:time_since_death":28395,"minecraft:sleep_in_bed":1,"minecraft:climb_one_cm":1047,"minecraft:total_world_time":28395,"minecraft:fall_one_cm":1829},"minecraft:mined":{"minecraft:podzol":1,"minecraft:purple_bed":2,"minecraft:sweet_berry_bush":4,"minecraft:spruce_log":24,"minecraft:torch":3,"minecraft:short_grass":1,"minecraft:grass_block":2,"minecraft:coal_ore":1,"minecraft:dirt":8,"minecraft:cobblestone":2,"minecraft:spruce_leaves":5,"minecraft:stone":17,"minecraft:sugar_cane":3,"minecraft:wall_torch":2,"minecraft:fern":2},"minecraft:used":{"minecraft:ladder":6,"minecraft:wooden_pickaxe":30,"minecraft:wooden_sword":40,"minecraft:cobblestone":4,"minecraft:sweet_berries":8,"minecraft:purple_bed":1,"minecraft:crafting_table":2,"minecraft:pumpkin_pie":2,"minecraft:spruce_log":5},"minecraft:killed":{"minecraft:sheep":2,"minecraft:zombie":1,"minecraft:pig":1,"minecraft:spider":1},"minecraft:picked_up":{"minecraft:sweet_berries":8,"minecraft:torch":5,"minecraft:sand":4,"minecraft:porkchop":2,"minecraft:spruce_log":23,"minecraft:string":1,"minecraft:dirt":24,"minecraft:purple_bed":2,"minecraft:wheat_seeds":1,"minecraft:oak_sapling":1,"minecraft:sugar_cane":6,"minecraft:mutton":4,"minecraft:coal":1,"minecraft:white_wool":2,"minecraft:cobblestone":19}},"DataVersion":3953}