{"stats":{"minecraft:crafted":{"minecraft:stone_shovel":2,"minecraft:spruce_planks":12,"minecraft:stick":12,"minecraft:wooden_pickaxe":1,"minecraft:stone_pickaxe":1},"minecraft:custom":{"minecraft:time_since_rest":11104,"minecraft:sprint_one_cm":101817,"minecraft:damage_taken":300,"minecraft:walk_one_cm":83369,"minecraft:damage_dealt":105,"minecraft:swim_one_cm":96679,"minecraft:interact_with_crafting_table":5,"minecraft:fly_one_cm":67333,"minecraft:open_chest":10,"minecraft:crouch_one_cm":49,"minecraft:play_time":46574,"minecraft:sneak_time":70,"minecraft:walk_under_water_one_cm":2374,"minecraft:jump":479,"minecraft:leave_game":12,"minecraft:walk_on_water_one_cm":6449,"minecraft:time_since_death":46574,"minecraft:sleep_in_bed":2,"minecraft:climb_one_cm":307,"minecraft:total_world_time":46574,"minecraft:fall_one_cm":8274},"minecraft:mined":{"minecraft:kelp_plant":6,"minecraft:smoker":1,"minecraft:spruce_log":4,"minecraft:fletching_table":1,"minecraft:crafting_table":2,"minecraft:bell":1,"minecraft:short_grass":22,"minecraft:blast_furnace":1,"minecraft:grass_block":169,"minecraft:sand":1,"minecraft:dirt":114,"minecraft:cobblestone":5,"minecraft:spruce_leaves":9,"minecraft:kelp":2,"minecraft:stone":22,"minecraft:blue_bed":3},"minecraft:broken":{"minecraft:stone_shovel":2},"minecraft:used":{"minecraft:bread":5,"minecraft:stone_shovel":262,"minecraft:stone_pickaxe":43,"minecraft:map":1,"minecraft:wooden_pickaxe":5,"minecraft:fletching_table":1,"minecraft:blue_bed":2,"minecraft:dirt":22,"minecraft:crafting_table":2,"minecraft:blast_furnace":1,"minecraft:kelp":2},"minecraft:picked_up":{"minecraft:crafting_table":2,"minecraft:smoker":1,"minecraft:blast_furnace":1,"minecraft:spruce_log":4,"minecraft:dirt":278,"minecraft:blue_bed":3,"minecraft:kelp":2,"minecraft:wheat_seeds":2,"minecraft:bell":1,"minecraft:fletching_table":1,"minecraft:cobblestone":27}},"DataVersion":3953}