{"stats":{"minecraft:crafted":{"minecraft:stone_shovel":3,"minecraft:crafting_table":1,"minecraft:spruce_planks":36,"minecraft:wooden_pickaxe":1,"minecraft:furnace":1,"minecraft:stone_axe":1,"minecraft:stick":16,"minecraft:stone_pickaxe":1,"minecraft:chest":1,"minecraft:spruce_boat":1,"minecraft:torch":4},"minecraft:custom":{"minecraft:interact_with_furnace":2,"minecraft:mob_kills":5,"minecraft:interact_with_crafting_table":13,"minecraft:bell_ring":4,"minecraft:leave_game":16,"minecraft:time_since_death":34229,"minecraft:sleep_in_bed":9,"minecraft:climb_one_cm":307,"minecraft:time_since_rest":23921,"minecraft:sprint_one_cm":188552,"minecraft:damage_taken":807,"minecraft:walk_one_cm":173588,"minecraft:damage_dealt":1221,"minecraft:swim_one_cm":215363,"minecraft:fly_one_cm":113206,"minecraft:open_chest":13,"minecraft:crouch_one_cm":49,"minecraft:play_time":101143,"minecraft:deaths":1,"minecraft:sneak_time":3050,"minecraft:walk_under_water_one_cm":12088,"minecraft:boat_one_cm":85854,"minecraft:jump":922,"minecraft:walk_on_water_one_cm":67565,"minecraft:total_world_time":101143,"minecraft:fall_one_cm":17194},"minecraft:mined":{"minecraft:spruce_planks":5,"minecraft:kelp_plant":7,"minecraft:smoker":1,"minecraft:crafting_table":3,"minecraft:short_grass":27,"minecraft:blast_furnace":1,"minecraft:grass_block":271,"minecraft:cobblestone":5,"minecraft:spruce_leaves":27,"minecraft:sugar_cane":10,"minecraft:kelp":2,"minecraft:blue_bed":4,"minecraft:spruce_log":56,"minecraft:fletching_table":1,"minecraft:bell":1,"minecraft:coal_ore":9,"minecraft:dirt":148,"minecraft:sand":1,"minecraft:stone":23,"minecraft:fern":2},"minecraft:broken":{"minecraft:stone_axe":1,"minecraft:stone_shovel":3},"minecraft:killed":{"minecraft:spider":1,"minecraft:skeleton":2,"minecraft:zombie":1,"minecraft:enderman":1},"minecraft:killed_by":{"minecraft:creeper":1},"minecraft:used":{"minecraft:stone_shovel":393,"minecraft:stone_pickaxe":55,"minecraft:spruce_planks":8,"minecraft:chest":1,"minecraft:wooden_pickaxe":5,"minecraft:fletching_table":1,"minecraft:blue_bed":4,"minecraft:bell":1,"minecraft:torch":3,"minecraft:dirt":158,"minecraft:crafting_table":3,"minecraft:blast_furnace":1,"minecraft:smoker":1,"minecraft:spruce_boat":1,"minecraft:bread":17,"minecraft:map":1,"minecraft:stone_axe":100,"minecraft:furnace":1,"minecraft:kelp":2},"minecraft:picked_up":{"minecraft:crafting_table":4,"minecraft:golden_leggings":1,"minecraft:wooden_pickaxe":1,"minecraft:smoker":1,"minecraft:potato":29,"minecraft:filled_map":1,"minecraft:blue_bed":4,"minecraft:dirt":670,"minecraft:compass":1,"minecraft:bone":6,"minecraft:kelp":2,"minecraft:wheat_seeds":5,"minecraft:bell":1,"minecraft:spruce_planks":10,"minecraft:stone_pickaxe":1,"minecraft:fletching_table":1,"minecraft:sugar_cane":23,"minecraft:stick":3,"minecraft:sweet_berries":12,"minecraft:torch":1,"minecraft:spruce_sapling":15,"minecraft:blast_furnace":1,"minecraft:spruce_log":70,"minecraft:golden_chestplate":1,"minecraft:arrow":4,"minecraft:stone_axe":1,"minecraft:bread":10,"minecraft:emerald":4,"minecraft:obsidian":1,"minecraft:coal":13,"minecraft:cobblestone":39}},"DataVersion":3953}