{"stats":{"minecraft:crafted":{"minecraft:stone_axe":2,"minecraft:crafting_table":2,"minecraft:spruce_planks":72,"minecraft:stick":16,"minecraft:wooden_pickaxe":2,"minecraft:stone_pickaxe":2},"minecraft:custom":{"minecraft:time_since_rest":6255,"minecraft:play_time":13592,"minecraft:sprint_one_cm":17991,"minecraft:damage_taken":300,"minecraft:walk_one_cm":24329,"minecraft:deaths":1,"minecraft:walk_under_water_one_cm":150,"minecraft:drop":1,"minecraft:jump":152,"minecraft:leave_game":5,"minecraft:walk_on_water_one_cm":1667,"minecraft:time_since_death":6196,"minecraft:total_world_time":13592,"minecraft:interact_with_crafting_table":6,"minecraft:fall_one_cm":1943,"minecraft:fly_one_cm":11075},"minecraft:mined":{"minecraft:podzol":1,"minecraft:grass_block":2,"minecraft:dirt":9,"minecraft:spruce_log":19,"minecraft:spruce_leaves":2,"minecraft:stone":20,"minecraft:fern":1,"minecraft:crafting_table":1},"minecraft:killed_by":{"minecraft:skeleton":1},"minecraft:dropped":{"minecraft:stone_axe":1},"minecraft:used":{"minecraft:stone_axe":4,"minecraft:dirt":11,"minecraft:cobblestone":1,"minecraft:crafting_table":1,"minecraft:stone_pickaxe":13,"minecraft:wooden_pickaxe":13,"minecraft:spruce_sapling":1},"minecraft:picked_up":{"minecraft:stone_axe":1,"minecraft:spruce_sapling":1,"minecraft:spruce_log":18,"minecraft:dirt":11,"minecraft:cobblestone":20}},"DataVersion":3953}