{"stats":{"minecraft:crafted":{"minecraft:crafting_table":2,"minecraft:spruce_planks":72,"minecraft:stick":16,"minecraft:wooden_pickaxe":2,"minecraft:stone_pickaxe":2,"minecraft:stone_axe":2},"minecraft:custom":{"minecraft:time_since_rest":13653,"minecraft:sprint_one_cm":28222,"minecraft:damage_taken":400,"minecraft:walk_one_cm":32162,"minecraft:drop":1,"minecraft:interact_with_crafting_table":6,"minecraft:fly_one_cm":17421,"minecraft:play_time":20990,"minecraft:deaths":1,"minecraft:walk_under_water_one_cm":150,"minecraft:jump":183,"minecraft:walk_on_water_one_cm":1667,"minecraft:leave_game":9,"minecraft:time_since_death":13594,"minecraft:total_world_time":20990,"minecraft:fall_one_cm":2361},"minecraft:mined":{"minecraft:podzol":2,"minecraft:iron_ore":6,"minecraft:spruce_log":19,"minecraft:andesite":6,"minecraft:crafting_table":1,"minecraft:granite":3,"minecraft:grass_block":2,"minecraft:coal_ore":20,"minecraft:dirt":13,"minecraft:spruce_leaves":2,"minecraft:stone":77,"minecraft:fern":2},"minecraft:killed_by":{"minecraft:skeleton":1},"minecraft:dropped":{"minecraft:stone_axe":1},"minecraft:used":{"minecraft:stone_pickaxe":107,"minecraft:wooden_pickaxe":13,"minecraft:spruce_sapling":1,"minecraft:stone_axe":4,"minecraft:dirt":12,"minecraft:cobblestone":1,"minecraft:crafting_table":1},"minecraft:picked_up":{"minecraft:raw_iron":6,"minecraft:andesite":6,"minecraft:spruce_sapling":1,"minecraft:spruce_log":18,"minecraft:dirt":16,"minecraft:stone_axe":1,"minecraft:granite":3,"minecraft:coal":20,"minecraft:cobblestone":77}},"DataVersion":3953}