{"stats":{"minecraft:custom":{"minecraft:jump":63,"minecraft:time_since_rest":4360,"minecraft:damage_taken":107,"minecraft:walk_on_water_one_cm":5483,"minecraft:play_time":4360,"minecraft:leave_game":3,"minecraft:sprint_one_cm":12746,"minecraft:time_since_death":4360,"minecraft:walk_one_cm":9015,"minecraft:total_world_time":4360,"minecraft:walk_under_water_one_cm":180,"minecraft:fall_one_cm":269,"minecraft:fly_one_cm":2763},"minecraft:mined":{"minecraft:podzol":1,"minecraft:short_grass":1,"minecraft:spruce_log":8,"minecraft:fern":2},"minecraft:used":{"minecraft:spruce_log":1},"minecraft:picked_up":{"minecraft:spruce_log":8,"minecraft:wheat_seeds":1}},"DataVersion":3953}