{"stats":{"minecraft:crafted":{"minecraft:stone_shovel":6,"minecraft:map":1,"minecraft:crafting_table":1,"minecraft:spruce_planks":36,"minecraft:wooden_pickaxe":1,"minecraft:furnace":1,"minecraft:stone_axe":1,"minecraft:paper":12,"minecraft:stick":24,"minecraft:stone_pickaxe":1,"minecraft:chest":1,"minecraft:spruce_boat":1,"minecraft:torch":4},"minecraft:broken":{"minecraft:stone_axe":1,"minecraft:stone_shovel":5},"minecraft:mined":{"minecraft:spruce_planks":5,"minecraft:kelp_plant":8,"minecraft:smoker":1,"minecraft:crafting_table":3,"minecraft:short_grass":27,"minecraft:blast_furnace":1,"minecraft:grass_block":462,"minecraft:cobblestone":5,"minecraft:spruce_leaves":27,"minecraft:kelp":4,"minecraft:sugar_cane":15,"minecraft:blue_bed":4,"minecraft:spruce_log":56,"minecraft:fletching_table":1,"minecraft:bell":1,"minecraft:coal_ore":9,"minecraft:dirt":242,"minecraft:sand":1,"minecraft:stone":23,"minecraft:oak_leaves":2,"minecraft:fern":2},"minecraft:killed_by":{"minecraft:creeper":1},"minecraft:picked_up":{"minecraft:crafting_table":4,"minecraft:golden_leggings":1,"minecraft:wooden_pickaxe":1,"minecraft:smoker":1,"minecraft:potato":29,"minecraft:filled_map":1,"minecraft:blue_bed":4,"minecraft:dirt":955,"minecraft:compass":1,"minecraft:bone":6,"minecraft:kelp":3,"minecraft:wheat_seeds":5,"minecraft:bell":1,"minecraft:spruce_planks":10,"minecraft:stone_pickaxe":1,"minecraft:fletching_table":1,"minecraft:sugar_cane":34,"minecraft:stick":3,"minecraft:sweet_berries":12,"minecraft:torch":1,"minecraft:spruce_sapling":15,"minecraft:blast_furnace":1,"minecraft:spruce_log":70,"minecraft:golden_chestplate":1,"minecraft:arrow":4,"minecraft:stone_axe":1,"minecraft:bread":10,"minecraft:emerald":4,"minecraft:obsidian":1,"minecraft:coal":13,"minecraft:cobblestone":39},"minecraft:killed":{"minecraft:spider":1,"minecraft:skeleton":2,"minecraft:zombie":1,"minecraft:enderman":1},"minecraft:used":{"minecraft:stone_shovel":677,"minecraft:stone_pickaxe":55,"minecraft:spruce_planks":8,"minecraft:chest":1,"minecraft:wooden_pickaxe":5,"minecraft:fletching_table":1,"minecraft:bell":1,"minecraft:blue_bed":4,"minecraft:torch":3,"minecraft:dirt":158,"minecraft:crafting_table":3,"minecraft:blast_furnace":1,"minecraft:smoker":1,"minecraft:spruce_boat":1,"minecraft:bread":17,"minecraft:map":2,"minecraft:stone_axe":100,"minecraft:furnace":1,"minecraft:kelp":3},"minecraft:custom":{"minecraft:interact_with_furnace":2,"minecraft:mob_kills":5,"minecraft:interact_with_crafting_table":21,"minecraft:bell_ring":4,"minecraft:leave_game":25,"minecraft:time_since_death":55838,"minecraft:sleep_in_bed":10,"minecraft:climb_one_cm":307,"minecraft:time_since_rest":4337,"minecraft:sprint_one_cm":211788,"minecraft:damage_taken":870,"minecraft:walk_one_cm":207000,"minecraft:damage_dealt":1221,"minecraft:swim_one_cm":276991,"minecraft:fly_one_cm":127484,"minecraft:open_chest":17,"minecraft:crouch_one_cm":53,"minecraft:play_time":122752,"minecraft:deaths":1,"minecraft:sneak_time":3580,"minecraft:walk_under_water_one_cm":14414,"minecraft:boat_one_cm":85854,"minecraft:jump":1085,"minecraft:walk_on_water_one_cm":72844,"minecraft:total_world_time":122752,"minecraft:fall_one_cm":19036}},"DataVersion":3953}