{"stats":{"minecraft:crafted":{"minecraft:iron_chestplate":1,"minecraft:crafting_table":3,"minecraft:spruce_planks":72,"minecraft:stick":16,"minecraft:iron_helmet":1,"minecraft:iron_ingot":17,"minecraft:wooden_pickaxe":2,"minecraft:iron_pickaxe":1,"minecraft:stone_pickaxe":2,"minecraft:furnace":1,"minecraft:stone_axe":2},"minecraft:custom":{"minecraft:time_since_rest":211,"minecraft:interact_with_furnace":10,"minecraft:sprint_one_cm":28398,"minecraft:damage_taken":530,"minecraft:walk_one_cm":35314,"minecraft:drop":1,"minecraft:interact_with_crafting_table":13,"minecraft:fly_one_cm":17421,"minecraft:play_time":31035,"minecraft:deaths":2,"minecraft:walk_under_water_one_cm":150,"minecraft:jump":189,"minecraft:walk_on_water_one_cm":1667,"minecraft:leave_game":17,"minecraft:time_since_death":135,"minecraft:total_world_time":31035,"minecraft:fall_one_cm":3952},"minecraft:mined":{"minecraft:podzol":2,"minecraft:furnace":1,"minecraft:iron_ore":13,"minecraft:spruce_log":19,"minecraft:andesite":6,"minecraft:crafting_table":2,"minecraft:granite":9,"minecraft:grass_block":2,"minecraft:coal_ore":20,"minecraft:deepslate_iron_ore":4,"minecraft:dirt":13,"minecraft:spruce_leaves":2,"minecraft:stone":89,"minecraft:moss_block":2,"minecraft:deepslate":23,"minecraft:fern":2},"minecraft:used":{"minecraft:stone_pickaxe":117,"minecraft:iron_pickaxe":45,"minecraft:wooden_pickaxe":13,"minecraft:spruce_sapling":1,"minecraft:stone_axe":5,"minecraft:dirt":12,"minecraft:cobblestone":1,"minecraft:crafting_table":2,"minecraft:furnace":1},"minecraft:killed_by":{"minecraft:skeleton":1},"minecraft:picked_up":{"minecraft:crafting_table":1,"minecraft:raw_iron":17,"minecraft:andesite":6,"minecraft:spruce_sapling":1,"minecraft:spruce_log":18,"minecraft:dirt":16,"minecraft:stone_axe":1,"minecraft:cobbled_deepslate":23,"minecraft:granite":9,"minecraft:moss_block":1,"minecraft:coal":37,"minecraft:cobblestone":89,"minecraft:furnace":1},"minecraft:dropped":{"minecraft:stone_axe":1}},"DataVersion":3953}