{"stats":{"minecraft:mined":{"minecraft:smoker":1,"minecraft:spruce_log":4,"minecraft:fletching_table":1,"minecraft:crafting_table":2,"minecraft:bell":1,"minecraft:blast_furnace":1,"minecraft:grass_block":1,"minecraft:cobblestone":5,"minecraft:spruce_leaves":9,"minecraft:stone":16,"minecraft:blue_bed":3},"minecraft:picked_up":{"minecraft:crafting_table":2,"minecraft:smoker":1,"minecraft:blast_furnace":1,"minecraft:spruce_log":4,"minecraft:dirt":1,"minecraft:blue_bed":3,"minecraft:bell":1,"minecraft:fletching_table":1,"minecraft:cobblestone":21},"minecraft:used":{"minecraft:bread":2,"minecraft:stone_pickaxe":31,"minecraft:map":1,"minecraft:wooden_pickaxe":5,"minecraft:blue_bed":1,"minecraft:dirt":1,"minecraft:crafting_table":1},"minecraft:crafted":{"minecraft:spruce_planks":8,"minecraft:stick":4,"minecraft:wooden_pickaxe":1,"minecraft:stone_pickaxe":1},"minecraft:custom":{"minecraft:time_since_rest":11499,"minecraft:sprint_one_cm":80016,"minecraft:damage_taken":185,"minecraft:walk_one_cm":58448,"minecraft:damage_dealt":105,"minecraft:swim_one_cm":43723,"minecraft:interact_with_crafting_table":2,"minecraft:fly_one_cm":50731,"minecraft:open_chest":10,"minecraft:play_time":27575,"minecraft:sneak_time":1,"minecraft:walk_under_water_one_cm":764,"minecraft:jump":363,"minecraft:leave_game":11,"minecraft:walk_on_water_one_cm":4181,"minecraft:time_since_death":27575,"minecraft:sleep_in_bed":1,"minecraft:climb_one_cm":307,"minecraft:total_world_time":27575,"minecraft:fall_one_cm":6408}},"DataVersion":3953}