{"stats":{"minecraft:crafted":{"minecraft:stone_axe":1,"minecraft:crafting_table":2,"minecraft:spruce_planks":24,"minecraft:stick":8,"minecraft:stone_pickaxe":1,"minecraft:wooden_pickaxe":1},"minecraft:custom":{"minecraft:time_since_rest":1240,"minecraft:sprint_one_cm":8941,"minecraft:play_time":8577,"minecraft:deaths":1,"minecraft:damage_taken":270,"minecraft:walk_one_cm":18802,"minecraft:jump":67,"minecraft:leave_game":3,"minecraft:time_since_death":1181,"minecraft:total_world_time":8577,"minecraft:interact_with_crafting_table":4,"minecraft:fall_one_cm":687,"minecraft:fly_one_cm":3537},"minecraft:mined":{"minecraft:podzol":1,"minecraft:grass_block":1,"minecraft:dirt":4,"minecraft:spruce_leaves":2,"minecraft:spruce_log":14,"minecraft:stone":6,"minecraft:fern":1},"minecraft:killed_by":{"minecraft:skeleton":1},"minecraft:used":{"minecraft:stone_axe":3,"minecraft:dirt":5,"minecraft:crafting_table":1,"minecraft:wooden_pickaxe":6,"minecraft:spruce_sapling":1},"minecraft:picked_up":{"minecraft:spruce_sapling":1,"minecraft:spruce_log":13,"minecraft:dirt":5,"minecraft:cobblestone":6}},"DataVersion":3953}