{"stats":{"minecraft:crafted":{"minecraft:spruce_planks":8,"minecraft:stick":4,"minecraft:wooden_pickaxe":1,"minecraft:stone_pickaxe":1},"minecraft:custom":{"minecraft:open_chest":9,"minecraft:time_since_rest":13220,"minecraft:sprint_one_cm":30589,"minecraft:play_time":13220,"minecraft:damage_taken":75,"minecraft:walk_one_cm":39435,"minecraft:sneak_time":1,"minecraft:walk_under_water_one_cm":428,"minecraft:jump":125,"minecraft:damage_dealt":105,"minecraft:leave_game":7,"minecraft:time_since_death":13220,"minecraft:walk_on_water_one_cm":180,"minecraft:total_world_time":13220,"minecraft:climb_one_cm":307,"minecraft:interact_with_crafting_table":2,"minecraft:swim_one_cm":2789,"minecraft:fall_one_cm":2729,"minecraft:fly_one_cm":11229},"minecraft:mined":{"minecraft:bell":1,"minecraft:blast_furnace":1,"minecraft:grass_block":1,"minecraft:smoker":1,"minecraft:cobblestone":5,"minecraft:spruce_leaves":2,"minecraft:spruce_log":4,"minecraft:blue_bed":2,"minecraft:crafting_table":2},"minecraft:used":{"minecraft:dirt":1,"minecraft:crafting_table":1,"minecraft:bread":2,"minecraft:stone_pickaxe":7,"minecraft:map":1,"minecraft:wooden_pickaxe":5},"minecraft:picked_up":{"minecraft:crafting_table":2,"minecraft:smoker":1,"minecraft:bell":1,"minecraft:blast_furnace":1,"minecraft:spruce_log":4,"minecraft:blue_bed":2,"minecraft:dirt":1,"minecraft:cobblestone":5}},"DataVersion":3953}