{"stats":{"minecraft:crafted":{"minecraft:crafting_table":1,"minecraft:spruce_planks":4},"minecraft:custom":{"minecraft:time_since_rest":3492,"minecraft:play_time":3492,"minecraft:damage_taken":175,"minecraft:walk_one_cm":3995,"minecraft:mob_kills":1,"minecraft:jump":13,"minecraft:damage_dealt":69,"minecraft:time_since_death":3492,"minecraft:leave_game":2,"minecraft:walk_on_water_one_cm":46,"minecraft:total_world_time":3492,"minecraft:interact_with_crafting_table":2,"minecraft:fly_one_cm":271},"minecraft:mined":{"minecraft:podzol":1,"minecraft:short_grass":1,"minecraft:dirt":3,"minecraft:spruce_log":8,"minecraft:spruce_leaves":1},"minecraft:used":{"minecraft:dirt":1,"minecraft:crafting_table":1,"minecraft:spruce_log":2},"minecraft:killed":{"minecraft:zombie":1},"minecraft:picked_up":{"minecraft:spruce_log":8,"minecraft:dirt":4}},"DataVersion":3953}