{"stats":{"minecraft:crafted":{"minecraft:stone_shovel":3,"minecraft:crafting_table":1,"minecraft:spruce_planks":20,"minecraft:wooden_pickaxe":1,"minecraft:furnace":1,"minecraft:stone_axe":1,"minecraft:stick":16,"minecraft:stone_pickaxe":1,"minecraft:torch":4},"minecraft:custom":{"minecraft:interact_with_furnace":1,"minecraft:mob_kills":4,"minecraft:interact_with_crafting_table":10,"minecraft:leave_game":13,"minecraft:time_since_death":1526,"minecraft:sleep_in_bed":7,"minecraft:climb_one_cm":307,"minecraft:time_since_rest":1605,"minecraft:sprint_one_cm":115490,"minecraft:damage_taken":529,"minecraft:walk_one_cm":115688,"minecraft:damage_dealt":714,"minecraft:swim_one_cm":158086,"minecraft:fly_one_cm":79309,"minecraft:open_chest":11,"minecraft:crouch_one_cm":49,"minecraft:play_time":68440,"minecraft:deaths":1,"minecraft:sneak_time":78,"minecraft:walk_under_water_one_cm":6674,"minecraft:jump":544,"minecraft:walk_on_water_one_cm":36944,"minecraft:total_world_time":68440,"minecraft:fall_one_cm":9646},"minecraft:mined":{"minecraft:kelp_plant":7,"minecraft:smoker":1,"minecraft:crafting_table":3,"minecraft:short_grass":27,"minecraft:blast_furnace":1,"minecraft:grass_block":271,"minecraft:cobblestone":5,"minecraft:spruce_leaves":9,"minecraft:kelp":2,"minecraft:blue_bed":4,"minecraft:spruce_log":4,"minecraft:fletching_table":1,"minecraft:bell":1,"minecraft:coal_ore":9,"minecraft:sand":1,"minecraft:dirt":148,"minecraft:stone":23},"minecraft:broken":{"minecraft:stone_shovel":3},"minecraft:killed":{"minecraft:spider":1,"minecraft:skeleton":2,"minecraft:zombie":1},"minecraft:killed_by":{"minecraft:creeper":1},"minecraft:used":{"minecraft:stone_shovel":393,"minecraft:stone_pickaxe":55,"minecraft:wooden_pickaxe":5,"minecraft:blue_bed":4,"minecraft:fletching_table":1,"minecraft:bell":1,"minecraft:torch":3,"minecraft:dirt":158,"minecraft:crafting_table":3,"minecraft:blast_furnace":1,"minecraft:smoker":1,"minecraft:bread":9,"minecraft:map":1,"minecraft:stone_axe":23,"minecraft:furnace":1,"minecraft:kelp":2},"minecraft:picked_up":{"minecraft:crafting_table":4,"minecraft:golden_leggings":1,"minecraft:wooden_pickaxe":1,"minecraft:smoker":1,"minecraft:potato":29,"minecraft:filled_map":1,"minecraft:blue_bed":4,"minecraft:dirt":670,"minecraft:compass":1,"minecraft:bone":6,"minecraft:kelp":2,"minecraft:wheat_seeds":4,"minecraft:bell":1,"minecraft:spruce_planks":5,"minecraft:stone_pickaxe":1,"minecraft:fletching_table":1,"minecraft:stick":3,"minecraft:sweet_berries":12,"minecraft:torch":1,"minecraft:spruce_sapling":13,"minecraft:blast_furnace":1,"minecraft:spruce_log":20,"minecraft:golden_chestplate":1,"minecraft:arrow":4,"minecraft:stone_axe":1,"minecraft:emerald":4,"minecraft:bread":10,"minecraft:obsidian":1,"minecraft:coal":13,"minecraft:cobblestone":39}},"DataVersion":3953}