{"stats":{"minecraft:crafted":{"minecraft:stone_shovel":3,"minecraft:crafting_table":1,"minecraft:spruce_planks":20,"minecraft:stick":16,"minecraft:wooden_pickaxe":1,"minecraft:stone_pickaxe":1,"minecraft:furnace":1,"minecraft:stone_axe":1},"minecraft:custom":{"minecraft:time_since_rest":8406,"minecraft:interact_with_furnace":1,"minecraft:sprint_one_cm":107760,"minecraft:damage_taken":440,"minecraft:walk_one_cm":99297,"minecraft:mob_kills":2,"minecraft:damage_dealt":453,"minecraft:swim_one_cm":108394,"minecraft:interact_with_crafting_table":9,"minecraft:fly_one_cm":72053,"minecraft:open_chest":10,"minecraft:crouch_one_cm":49,"minecraft:play_time":58574,"minecraft:sneak_time":78,"minecraft:walk_under_water_one_cm":3409,"minecraft:jump":502,"minecraft:leave_game":12,"minecraft:walk_on_water_one_cm":15021,"minecraft:time_since_death":58574,"minecraft:sleep_in_bed":3,"minecraft:climb_one_cm":307,"minecraft:total_world_time":58574,"minecraft:fall_one_cm":8543},"minecraft:mined":{"minecraft:kelp_plant":7,"minecraft:smoker":1,"minecraft:spruce_log":4,"minecraft:fletching_table":1,"minecraft:crafting_table":3,"minecraft:bell":1,"minecraft:short_grass":26,"minecraft:blast_furnace":1,"minecraft:grass_block":271,"minecraft:sand":1,"minecraft:dirt":148,"minecraft:cobblestone":5,"minecraft:spruce_leaves":9,"minecraft:kelp":2,"minecraft:stone":22,"minecraft:blue_bed":4},"minecraft:broken":{"minecraft:stone_shovel":3},"minecraft:killed":{"minecraft:skeleton":2},"minecraft:used":{"minecraft:bread":8,"minecraft:stone_shovel":393,"minecraft:stone_pickaxe":44,"minecraft:map":1,"minecraft:wooden_pickaxe":5,"minecraft:bell":1,"minecraft:fletching_table":1,"minecraft:blue_bed":4,"minecraft:stone_axe":12,"minecraft:dirt":56,"minecraft:crafting_table":3,"minecraft:furnace":1,"minecraft:blast_furnace":1,"minecraft:kelp":2,"minecraft:smoker":1},"minecraft:picked_up":{"minecraft:crafting_table":3,"minecraft:smoker":1,"minecraft:blast_furnace":1,"minecraft:spruce_log":4,"minecraft:dirt":413,"minecraft:blue_bed":4,"minecraft:arrow":2,"minecraft:bone":3,"minecraft:kelp":2,"minecraft:wheat_seeds":2,"minecraft:bell":1,"minecraft:fletching_table":1,"minecraft:cobblestone":27}},"DataVersion":3953}