{"stats":{"minecraft:crafted":{"minecraft:wooden_sword":1,"minecraft:crafting_table":1,"minecraft:spruce_planks":16,"minecraft:stick":4,"minecraft:wooden_pickaxe":1},"minecraft:mined":{"minecraft:spruce_log":4,"minecraft:sugar_cane":2,"minecraft:fern":1,"minecraft:crafting_table":1},"minecraft:picked_up":{"minecraft:crafting_table":1,"minecraft:iron_chestplate":2,"minecraft:iron_helmet":1,"minecraft:spruce_log":6,"minecraft:sugar_cane":4},"minecraft:killed":{"minecraft:zombie":1},"minecraft:used":{"minecraft:iron_chestplate":1,"minecraft:wooden_sword":22,"minecraft:crafting_table":1,"minecraft:iron_helmet":4,"minecraft:wooden_pickaxe":1},"minecraft:custom":{"minecraft:open_chest":1,"minecraft:time_since_rest":10101,"minecraft:play_time":10101,"minecraft:sprint_one_cm":27217,"minecraft:damage_taken":211,"minecraft:walk_one_cm":22933,"minecraft:walk_under_water_one_cm":1574,"minecraft:mob_kills":1,"minecraft:jump":159,"minecraft:damage_dealt":200,"minecraft:leave_game":4,"minecraft:walk_on_water_one_cm":2514,"minecraft:time_since_death":10101,"minecraft:total_world_time":10101,"minecraft:swim_one_cm":8674,"minecraft:interact_with_crafting_table":1,"minecraft:fall_one_cm":1701,"minecraft:fly_one_cm":23204}},"DataVersion":3953}