{"stats":{"minecraft:crafted":{"minecraft:wooden_sword":1,"minecraft:crafting_table":1,"minecraft:spruce_planks":16,"minecraft:stick":4,"minecraft:wooden_pickaxe":1},"minecraft:custom":{"minecraft:time_since_rest":5233,"minecraft:sprint_one_cm":10159,"minecraft:play_time":5233,"minecraft:damage_taken":204,"minecraft:walk_one_cm":13064,"minecraft:walk_under_water_one_cm":1547,"minecraft:mob_kills":1,"minecraft:jump":90,"minecraft:damage_dealt":200,"minecraft:time_since_death":5233,"minecraft:leave_game":2,"minecraft:walk_on_water_one_cm":2263,"minecraft:total_world_time":5233,"minecraft:fly_one_cm":10479,"minecraft:fall_one_cm":1432,"minecraft:swim_one_cm":6677,"minecraft:interact_with_crafting_table":1},"minecraft:mined":{"minecraft:spruce_log":4,"minecraft:crafting_table":1,"minecraft:fern":1},"minecraft:killed":{"minecraft:zombie":1},"minecraft:used":{"minecraft:wooden_sword":20,"minecraft:crafting_table":1,"minecraft:iron_helmet":3,"minecraft:wooden_pickaxe":1},"minecraft:picked_up":{"minecraft:iron_chestplate":2,"minecraft:crafting_table":1,"minecraft:iron_helmet":1,"minecraft:spruce_log":6}},"DataVersion":3953}