{"stats":{"minecraft:crafted":{"minecraft:wooden_sword":1,"minecraft:crafting_table":1,"minecraft:spruce_planks":16,"minecraft:stick":4,"minecraft:wooden_pickaxe":1},"minecraft:custom":{"minecraft:open_chest":1,"minecraft:time_since_rest":9037,"minecraft:play_time":9037,"minecraft:sprint_one_cm":25240,"minecraft:damage_taken":211,"minecraft:walk_one_cm":17817,"minecraft:walk_under_water_one_cm":1574,"minecraft:mob_kills":1,"minecraft:jump":149,"minecraft:damage_dealt":200,"minecraft:leave_game":3,"minecraft:walk_on_water_one_cm":2514,"minecraft:time_since_death":9037,"minecraft:total_world_time":9037,"minecraft:swim_one_cm":8674,"minecraft:interact_with_crafting_table":1,"minecraft:fall_one_cm":1701,"minecraft:fly_one_cm":22013},"minecraft:mined":{"minecraft:spruce_log":4,"minecraft:fern":1,"minecraft:crafting_table":1},"minecraft:used":{"minecraft:iron_chestplate":1,"minecraft:wooden_sword":20,"minecraft:crafting_table":1,"minecraft:iron_helmet":4,"minecraft:wooden_pickaxe":1},"minecraft:killed":{"minecraft:zombie":1},"minecraft:picked_up":{"minecraft:crafting_table":1,"minecraft:iron_chestplate":2,"minecraft:iron_helmet":1,"minecraft:spruce_log":6}},"DataVersion":3953}