{"stats":{"minecraft:crafted":{"minecraft:cooked_beef":12,"minecraft:oak_planks":24,"minecraft:crafting_table":2,"minecraft:spruce_planks":36,"minecraft:wooden_pickaxe":2,"minecraft:furnace":1,"minecraft:stone_axe":1,"minecraft:air":0,"minecraft:oak_boat":1,"minecraft:shield":1,"minecraft:stick":20,"minecraft:stone_pickaxe":2,"minecraft:stone_sword":1,"minecraft:chest":1,"minecraft:iron_shovel":3,"minecraft:torch":8},"minecraft:custom":{"minecraft:interact_with_furnace":5,"minecraft:mob_kills":51,"minecraft:interact_with_crafting_table":13,"minecraft:interact_with_campfire":4,"minecraft:leave_game":2,"minecraft:time_since_death":46849,"minecraft:sleep_in_bed":5,"minecraft:climb_one_cm":1067,"minecraft:time_since_rest":10329,"minecraft:sprint_one_cm":187676,"minecraft:damage_taken":868,"minecraft:walk_one_cm":92506,"minecraft:drop":5,"minecraft:damage_dealt":6221,"minecraft:swim_one_cm":42242,"minecraft:talked_to_villager":1,"minecraft:fly_one_cm":275533,"minecraft:open_chest":18,"minecraft:crouch_one_cm":2414,"minecraft:play_time":54189,"minecraft:deaths":1,"minecraft:sneak_time":1017,"minecraft:walk_under_water_one_cm":4755,"minecraft:boat_one_cm":83271,"minecraft:jump":1338,"minecraft:walk_on_water_one_cm":14549,"minecraft:total_world_time":54189,"minecraft:fall_one_cm":35217},"minecraft:mined":{"minecraft:spruce_planks":2,"minecraft:white_bed":2,"minecraft:kelp_plant":4,"minecraft:crafting_table":3,"minecraft:short_grass":20,"minecraft:grass_block":45,"minecraft:chest":1,"minecraft:campfire":1,"minecraft:tall_grass":5,"minecraft:cobblestone":2,"minecraft:spruce_leaves":13,"minecraft:sugar_cane":2,"minecraft:blue_bed":3,"minecraft:large_fern":3,"minecraft:white_terracotta":1,"minecraft:furnace":1,"minecraft:iron_ore":12,"minecraft:sweet_berry_bush":13,"minecraft:spruce_log":5,"minecraft:yellow_bed":4,"minecraft:coal_ore":35,"minecraft:oak_log":6,"minecraft:dirt_path":71,"minecraft:dirt":109,"minecraft:stonecutter":1,"minecraft:stone":29,"minecraft:oak_leaves":1,"minecraft:fern":2},"minecraft:killed":{"minecraft:pig":2,"minecraft:salmon":1,"minecraft:spider":1,"minecraft:iron_golem":1,"minecraft:cod":2,"minecraft:creeper":1,"minecraft:sheep":19,"minecraft:skeleton":1,"minecraft:villager":7,"minecraft:enderman":1,"minecraft:cow":15},"minecraft:dropped":{"minecraft:wheat_seeds":1,"minecraft:gray_wool":1,"minecraft:lily_pad":3},"minecraft:used":{"minecraft:stone_sword":119,"minecraft:iron_shovel":255,"minecraft:stone_pickaxe":60,"minecraft:poppy":2,"minecraft:chest":2,"minecraft:spruce_planks":6,"minecraft:wooden_pickaxe":26,"minecraft:blue_bed":2,"minecraft:dirt":95,"minecraft:crafting_table":5,"minecraft:white_bed":2,"minecraft:obsidian":1,"minecraft:bread":3,"minecraft:stone_axe":50,"minecraft:cobblestone":9,"minecraft:sweet_berries":22,"minecraft:furnace":2,"minecraft:oak_sapling":1,"minecraft:yellow_bed":2,"minecraft:oak_boat":4,"minecraft:cooked_beef":6,"minecraft:golden_axe":2},"minecraft:picked_up":{"minecraft:charcoal":2,"minecraft:crafting_table":3,"minecraft:cooked_beef":4,"minecraft:salmon":1,"minecraft:leather":22,"minecraft:oak_log":6,"minecraft:lily_pad":3,"minecraft:yellow_bed":4,"minecraft:gunpowder":2,"minecraft:dirt":237,"minecraft:blue_bed":3,"minecraft:stonecutter":1,"minecraft:wheat_seeds":4,"minecraft:spruce_planks":2,"minecraft:beef":27,"minecraft:iron_ingot":5,"minecraft:oak_boat":4,"minecraft:poppy":3,"minecraft:sugar_cane":6,"minecraft:chest":1,"minecraft:furnace":1,"minecraft:raw_iron":12,"minecraft:sweet_berries":30,"minecraft:torch":1,"minecraft:porkchop":5,"minecraft:white_bed":2,"minecraft:spruce_log":5,"minecraft:rotten_flesh":2,"minecraft:gray_wool":1,"minecraft:white_terracotta":1,"minecraft:oxeye_daisy":2,"minecraft:oak_sapling":5,"minecraft:cod":2,"minecraft:mutton":29,"minecraft:coal":35,"minecraft:white_wool":18,"minecraft:cobblestone":31,"minecraft:ender_pearl":1}},"DataVersion":3953}