{"stats":{"minecraft:crafted":{"minecraft:crafting_table":2,"minecraft:spruce_planks":36,"minecraft:stick":12,"minecraft:wooden_pickaxe":2,"minecraft:stone_pickaxe":2,"minecraft:stone_sword":1,"minecraft:stone_axe":1},"minecraft:custom":{"minecraft:time_since_rest":7153,"minecraft:sprint_one_cm":54937,"minecraft:damage_taken":405,"minecraft:walk_one_cm":20253,"minecraft:mob_kills":6,"minecraft:drop":1,"minecraft:damage_dealt":882,"minecraft:swim_one_cm":25035,"minecraft:interact_with_crafting_table":7,"minecraft:talked_to_villager":1,"minecraft:fly_one_cm":76452,"minecraft:open_chest":9,"minecraft:crouch_one_cm":563,"minecraft:play_time":18189,"minecraft:interact_with_campfire":4,"minecraft:deaths":1,"minecraft:sneak_time":177,"minecraft:walk_under_water_one_cm":788,"minecraft:jump":396,"minecraft:leave_game":2,"minecraft:walk_on_water_one_cm":4224,"minecraft:time_since_death":10849,"minecraft:sleep_in_bed":1,"minecraft:climb_one_cm":235,"minecraft:total_world_time":18189,"minecraft:fall_one_cm":12418},"minecraft:mined":{"minecraft:large_fern":3,"minecraft:spruce_planks":2,"minecraft:spruce_log":5,"minecraft:crafting_table":1,"minecraft:oak_log":6,"minecraft:grass_block":2,"minecraft:coal_ore":20,"minecraft:campfire":1,"minecraft:dirt":6,"minecraft:spruce_leaves":12,"minecraft:stone":22,"minecraft:blue_bed":2,"minecraft:fern":1},"minecraft:killed":{"minecraft:villager":4,"minecraft:cow":2},"minecraft:dropped":{"minecraft:wheat_seeds":1},"minecraft:used":{"minecraft:stone_sword":11,"minecraft:bread":3,"minecraft:stone_pickaxe":21,"minecraft:spruce_planks":6,"minecraft:wooden_pickaxe":26,"minecraft:stone_axe":14,"minecraft:dirt":7,"minecraft:crafting_table":2},"minecraft:picked_up":{"minecraft:charcoal":2,"minecraft:crafting_table":1,"minecraft:leather":2,"minecraft:oak_log":6,"minecraft:spruce_log":5,"minecraft:blue_bed":2,"minecraft:dirt":8,"minecraft:wheat_seeds":1,"minecraft:spruce_planks":2,"minecraft:beef":4,"minecraft:coal":20,"minecraft:cobblestone":22}},"DataVersion":3953}