{"stats":{"minecraft:dropped":{"minecraft:wheat_seeds":1,"minecraft:beetroot":1,"minecraft:gray_wool":1,"minecraft:lily_pad":3},"minecraft:crafted":{"minecraft:cooked_beef":23,"minecraft:oak_planks":32,"minecraft:crafting_table":2,"minecraft:spruce_planks":36,"minecraft:wooden_pickaxe":2,"minecraft:furnace":1,"minecraft:bucket":1,"minecraft:stone_axe":1,"minecraft:air":0,"minecraft:oak_boat":1,"minecraft:shield":1,"minecraft:stick":24,"minecraft:iron_ingot":12,"minecraft:stone_pickaxe":2,"minecraft:stone_sword":1,"minecraft:chest":1,"minecraft:iron_shovel":3,"minecraft:torch":8},"minecraft:broken":{"minecraft:iron_shovel":1},"minecraft:mined":{"minecraft:spruce_planks":2,"minecraft:white_bed":2,"minecraft:kelp_plant":4,"minecraft:oak_fence":12,"minecraft:crafting_table":3,"minecraft:short_grass":34,"minecraft:grass_block":47,"minecraft:yellow_carpet":3,"minecraft:chest":1,"minecraft:campfire":1,"minecraft:tall_grass":9,"minecraft:cobblestone":4,"minecraft:spruce_leaves":13,"minecraft:sugar_cane":2,"minecraft:oak_planks":10,"minecraft:composter":5,"minecraft:blue_bed":3,"minecraft:large_fern":3,"minecraft:white_terracotta":1,"minecraft:furnace":1,"minecraft:iron_ore":12,"minecraft:wheat":11,"minecraft:sweet_berry_bush":13,"minecraft:spruce_log":5,"minecraft:fletching_table":1,"minecraft:yellow_bed":4,"minecraft:bell":2,"minecraft:coal_ore":35,"minecraft:potatoes":2,"minecraft:oak_log":8,"minecraft:beetroots":2,"minecraft:dirt_path":73,"minecraft:dirt":131,"minecraft:stonecutter":1,"minecraft:stone":29,"minecraft:oak_leaves":6,"minecraft:fern":2},"minecraft:picked_up":{"minecraft:charcoal":2,"minecraft:crafting_table":3,"minecraft:wheat":6,"minecraft:cooked_beef":4,"minecraft:salmon":1,"minecraft:leather":22,"minecraft:potato":3,"minecraft:oak_log":8,"minecraft:lily_pad":3,"minecraft:yellow_bed":4,"minecraft:gunpowder":2,"minecraft:blue_bed":3,"minecraft:dirt":263,"minecraft:beetroot":2,"minecraft:stonecutter":1,"minecraft:wheat_seeds":33,"minecraft:bell":1,"minecraft:spruce_planks":2,"minecraft:iron_ingot":5,"minecraft:beef":27,"minecraft:oak_boat":7,"minecraft:fletching_table":1,"minecraft:poppy":3,"minecraft:sugar_cane":6,"minecraft:chest":1,"minecraft:oak_planks":8,"minecraft:furnace":1,"minecraft:egg":3,"minecraft:raw_iron":12,"minecraft:sweet_berries":30,"minecraft:composter":5,"minecraft:oak_fence":10,"minecraft:torch":3,"minecraft:porkchop":5,"minecraft:white_bed":2,"minecraft:spruce_log":5,"minecraft:yellow_carpet":4,"minecraft:rotten_flesh":13,"minecraft:beetroot_seeds":4,"minecraft:gray_wool":1,"minecraft:white_terracotta":1,"minecraft:oak_sapling":5,"minecraft:oxeye_daisy":2,"minecraft:mutton":29,"minecraft:coal":35,"minecraft:cod":2,"minecraft:white_wool":18,"minecraft:cobblestone":33,"minecraft:ender_pearl":1},"minecraft:killed":{"minecraft:pig":2,"minecraft:salmon":1,"minecraft:spider":1,"minecraft:iron_golem":1,"minecraft:cod":2,"minecraft:creeper":1,"minecraft:sheep":19,"minecraft:skeleton":1,"minecraft:zombie":1,"minecraft:villager":7,"minecraft:enderman":1,"minecraft:cow":15},"minecraft:used":{"minecraft:water_bucket":3,"minecraft:stone_sword":127,"minecraft:iron_shovel":308,"minecraft:stone_pickaxe":73,"minecraft:poppy":2,"minecraft:spruce_planks":6,"minecraft:chest":2,"minecraft:wooden_pickaxe":26,"minecraft:bell":1,"minecraft:blue_bed":2,"minecraft:dirt":241,"minecraft:crafting_table":5,"minecraft:yellow_carpet":2,"minecraft:white_bed":2,"minecraft:obsidian":1,"minecraft:bread":3,"minecraft:stone_axe":84,"minecraft:cobblestone":9,"minecraft:sweet_berries":22,"minecraft:furnace":2,"minecraft:oak_sapling":1,"minecraft:potato":13,"minecraft:bucket":4,"minecraft:yellow_bed":4,"minecraft:oak_boat":7,"minecraft:cooked_beef":9,"minecraft:golden_axe":2},"minecraft:custom":{"minecraft:interact_with_furnace":11,"minecraft:mob_kills":52,"minecraft:interact_with_crafting_table":17,"minecraft:interact_with_campfire":4,"minecraft:bell_ring":45,"minecraft:leave_game":3,"minecraft:sleep_in_bed":7,"minecraft:time_since_death":64933,"minecraft:climb_one_cm":1445,"minecraft:time_since_rest":4494,"minecraft:sprint_one_cm":237077,"minecraft:damage_taken":978,"minecraft:walk_one_cm":148146,"minecraft:drop":6,"minecraft:damage_dealt":6420,"minecraft:swim_one_cm":42242,"minecraft:talked_to_villager":1,"minecraft:fly_one_cm":352936,"minecraft:open_chest":22,"minecraft:crouch_one_cm":6877,"minecraft:play_time":72273,"minecraft:deaths":1,"minecraft:sneak_time":2127,"minecraft:walk_under_water_one_cm":5602,"minecraft:boat_one_cm":99336,"minecraft:jump":1622,"minecraft:walk_on_water_one_cm":16617,"minecraft:total_world_time":72273,"minecraft:fall_one_cm":41428}},"DataVersion":3953}