{"stats":{"minecraft:dropped":{"minecraft:wheat_seeds":1,"minecraft:gray_wool":1,"minecraft:lily_pad":3,"minecraft:beetroot":1},"minecraft:crafted":{"minecraft:oak_planks":52,"minecraft:furnace":1,"minecraft:cooked_mutton":29,"minecraft:stone_pickaxe":2,"minecraft:chest":1,"minecraft:cooked_beef":23,"minecraft:oak_slab":30,"minecraft:crafting_table":2,"minecraft:spruce_planks":36,"minecraft:wooden_pickaxe":2,"minecraft:iron_sword":1,"minecraft:bucket":1,"minecraft:stone_axe":1,"minecraft:air":0,"minecraft:oak_boat":1,"minecraft:shield":1,"minecraft:stick":28,"minecraft:iron_ingot":12,"minecraft:iron_pickaxe":1,"minecraft:stone_sword":1,"minecraft:iron_shovel":3,"minecraft:torch":24},"minecraft:broken":{"minecraft:iron_shovel":1},"minecraft:mined":{"minecraft:spruce_planks":2,"minecraft:white_bed":2,"minecraft:grass_block":47,"minecraft:yellow_carpet":3,"minecraft:spruce_leaves":13,"minecraft:composter":5,"minecraft:large_fern":3,"minecraft:furnace":1,"minecraft:iron_ore":23,"minecraft:cobbled_deepslate":2,"minecraft:fletching_table":1,"minecraft:bell":2,"minecraft:potatoes":2,"minecraft:dirt_path":73,"minecraft:deepslate_iron_ore":3,"minecraft:stripped_oak_log":1,"minecraft:stone":55,"minecraft:kelp_plant":4,"minecraft:oak_fence":12,"minecraft:crafting_table":3,"minecraft:short_grass":34,"minecraft:chest":1,"minecraft:campfire":1,"minecraft:cobblestone":5,"minecraft:tall_grass":9,"minecraft:oak_planks":10,"minecraft:sugar_cane":2,"minecraft:diorite":4,"minecraft:blue_bed":3,"minecraft:white_terracotta":1,"minecraft:sweet_berry_bush":13,"minecraft:wheat":11,"minecraft:spruce_log":5,"minecraft:yellow_bed":4,"minecraft:oak_log":12,"minecraft:coal_ore":35,"minecraft:beetroots":2,"minecraft:dirt":131,"minecraft:stonecutter":1,"minecraft:oak_leaves":8,"minecraft:deepslate":5,"minecraft:fern":2},"minecraft:killed_by":{"minecraft:creeper":1,"minecraft:zombie":1},"minecraft:picked_up":{"minecraft:charcoal":2,"minecraft:crafting_table":3,"minecraft:wheat":6,"minecraft:shield":2,"minecraft:beetroot":2,"minecraft:cobbled_deepslate":6,"minecraft:bucket":1,"minecraft:spruce_planks":2,"minecraft:beef":27,"minecraft:oak_boat":7,"minecraft:poppy":3,"minecraft:iron_pickaxe":2,"minecraft:sugar_cane":6,"minecraft:chest":1,"minecraft:egg":3,"minecraft:furnace":1,"minecraft:raw_iron":39,"minecraft:stick":8,"minecraft:composter":5,"minecraft:oak_fence":10,"minecraft:torch":22,"minecraft:porkchop":5,"minecraft:diorite":8,"minecraft:stone_sword":2,"minecraft:rotten_flesh":15,"minecraft:beetroot_seeds":4,"minecraft:white_terracotta":1,"minecraft:mutton":31,"minecraft:cod":2,"minecraft:white_wool":19,"minecraft:cobblestone":76,"minecraft:oxeye_daisy":2,"minecraft:stripped_oak_log":1,"minecraft:cooked_beef":40,"minecraft:water_bucket":1,"minecraft:salmon":1,"minecraft:leather":22,"minecraft:potato":3,"minecraft:lily_pad":3,"minecraft:oak_log":12,"minecraft:yellow_bed":4,"minecraft:gunpowder":2,"minecraft:dirt":263,"minecraft:blue_bed":3,"minecraft:cooked_mutton":15,"minecraft:bone":4,"minecraft:stonecutter":1,"minecraft:wheat_seeds":33,"minecraft:bell":1,"minecraft:iron_ingot":5,"minecraft:stone_pickaxe":2,"minecraft:fletching_table":1,"minecraft:oak_planks":44,"minecraft:iron_sword":1,"minecraft:sweet_berries":30,"minecraft:white_bed":2,"minecraft:spruce_log":5,"minecraft:yellow_carpet":4,"minecraft:stone_axe":2,"minecraft:gray_wool":1,"minecraft:oak_sapling":5,"minecraft:coal":35,"minecraft:ender_pearl":1},"minecraft:killed":{"minecraft:spider":1,"minecraft:cod":2,"minecraft:skeleton":2,"minecraft:pig":2,"minecraft:salmon":1,"minecraft:iron_golem":1,"minecraft:creeper":1,"minecraft:sheep":20,"minecraft:zombie":2,"minecraft:villager":7,"minecraft:enderman":1,"minecraft:cow":15},"minecraft:custom":{"minecraft:mob_kills":55,"minecraft:interact_with_crafting_table":20,"minecraft:interact_with_campfire":4,"minecraft:bell_ring":45,"minecraft:leave_game":5,"minecraft:time_since_death":7343,"minecraft:climb_one_cm":1445,"minecraft:sprint_one_cm":264153,"minecraft:walk_one_cm":166106,"minecraft:damage_blocked_by_shield":130,"minecraft:drop":6,"minecraft:talked_to_villager":1,"minecraft:play_time":84348,"minecraft:deaths":3,"minecraft:sneak_time":2451,"minecraft:walk_under_water_one_cm":7820,"minecraft:boat_one_cm":99336,"minecraft:jump":1910,"minecraft:walk_on_water_one_cm":20261,"minecraft:total_world_time":84348,"minecraft:interact_with_furnace":17,"minecraft:sleep_in_bed":7,"minecraft:time_since_rest":7384,"minecraft:damage_taken":1545,"minecraft:damage_dealt":6971,"minecraft:swim_one_cm":42242,"minecraft:fly_one_cm":413912,"minecraft:open_chest":30,"minecraft:crouch_one_cm":8238,"minecraft:fall_one_cm":52545},"minecraft:used":{"minecraft:stone_sword":127,"minecraft:iron_shovel":308,"minecraft:poppy":2,"minecraft:shield":1,"minecraft:spruce_planks":6,"minecraft:chest":2,"minecraft:iron_sword":8,"minecraft:bell":1,"minecraft:torch":3,"minecraft:dirt":241,"minecraft:yellow_carpet":2,"minecraft:obsidian":1,"minecraft:sweet_berries":22,"minecraft:oak_sapling":1,"minecraft:furnace":2,"minecraft:cooked_beef":10,"minecraft:potato":13,"minecraft:cobbled_deepslate":6,"minecraft:golden_axe":2,"minecraft:water_bucket":5,"minecraft:stone_pickaxe":74,"minecraft:ender_pearl":1,"minecraft:wooden_pickaxe":26,"minecraft:sugar_cane":6,"minecraft:blue_bed":2,"minecraft:crafting_table":5,"minecraft:white_bed":2,"minecraft:bread":3,"minecraft:iron_pickaxe":51,"minecraft:stone_axe":91,"minecraft:cobblestone":11,"minecraft:bucket":6,"minecraft:yellow_bed":4,"minecraft:oak_boat":7}},"DataVersion":3953}