{"stats":{"minecraft:crafted":{"minecraft:oak_planks":24,"minecraft:crafting_table":2,"minecraft:spruce_planks":36,"minecraft:wooden_pickaxe":2,"minecraft:stone_axe":1,"minecraft:oak_boat":1,"minecraft:stick":16,"minecraft:stone_pickaxe":2,"minecraft:stone_sword":1,"minecraft:torch":8},"minecraft:custom":{"minecraft:mob_kills":19,"minecraft:interact_with_crafting_table":8,"minecraft:interact_with_campfire":4,"minecraft:leave_game":2,"minecraft:time_since_death":22849,"minecraft:sleep_in_bed":3,"minecraft:climb_one_cm":235,"minecraft:time_since_rest":5380,"minecraft:sprint_one_cm":116643,"minecraft:damage_taken":696,"minecraft:walk_one_cm":44131,"minecraft:drop":1,"minecraft:damage_dealt":3071,"minecraft:swim_one_cm":28073,"minecraft:talked_to_villager":1,"minecraft:fly_one_cm":129202,"minecraft:open_chest":10,"minecraft:crouch_one_cm":1623,"minecraft:play_time":30189,"minecraft:deaths":1,"minecraft:sneak_time":630,"minecraft:walk_under_water_one_cm":1170,"minecraft:boat_one_cm":34973,"minecraft:jump":733,"minecraft:walk_on_water_one_cm":9449,"minecraft:total_world_time":30189,"minecraft:fall_one_cm":21144},"minecraft:mined":{"minecraft:spruce_planks":2,"minecraft:crafting_table":2,"minecraft:short_grass":2,"minecraft:grass_block":2,"minecraft:campfire":1,"minecraft:cobblestone":2,"minecraft:spruce_leaves":13,"minecraft:sugar_cane":2,"minecraft:blue_bed":3,"minecraft:large_fern":3,"minecraft:iron_ore":12,"minecraft:sweet_berry_bush":13,"minecraft:spruce_log":5,"minecraft:coal_ore":22,"minecraft:oak_log":6,"minecraft:dirt":6,"minecraft:stone":27,"minecraft:oak_leaves":1,"minecraft:fern":2},"minecraft:killed":{"minecraft:iron_golem":1,"minecraft:sheep":4,"minecraft:skeleton":1,"minecraft:villager":7,"minecraft:cow":6},"minecraft:dropped":{"minecraft:wheat_seeds":1},"minecraft:used":{"minecraft:stone_sword":68,"minecraft:stone_pickaxe":42,"minecraft:poppy":2,"minecraft:spruce_planks":6,"minecraft:wooden_pickaxe":26,"minecraft:blue_bed":1,"minecraft:dirt":7,"minecraft:crafting_table":3,"minecraft:bread":3,"minecraft:stone_axe":25,"minecraft:cobblestone":5,"minecraft:sweet_berries":5,"minecraft:oak_sapling":1,"minecraft:oak_boat":1,"minecraft:cooked_beef":4},"minecraft:picked_up":{"minecraft:charcoal":2,"minecraft:crafting_table":2,"minecraft:cooked_beef":4,"minecraft:leather":7,"minecraft:oak_log":6,"minecraft:dirt":8,"minecraft:blue_bed":3,"minecraft:wheat_seeds":1,"minecraft:spruce_planks":2,"minecraft:beef":10,"minecraft:iron_ingot":5,"minecraft:oak_boat":1,"minecraft:poppy":2,"minecraft:sugar_cane":6,"minecraft:raw_iron":12,"minecraft:sweet_berries":30,"minecraft:spruce_log":5,"minecraft:oak_sapling":1,"minecraft:mutton":6,"minecraft:coal":22,"minecraft:white_wool":4,"minecraft:cobblestone":29}},"DataVersion":3953}