{"stats":{"minecraft:crafted":{"minecraft:crafting_table":1,"minecraft:spruce_planks":20,"minecraft:stick":4,"minecraft:stone_pickaxe":1,"minecraft:wooden_pickaxe":1},"minecraft:custom":{"minecraft:time_since_rest":6189,"minecraft:sprint_one_cm":12024,"minecraft:play_time":6189,"minecraft:damage_taken":20,"minecraft:walk_one_cm":4633,"minecraft:sneak_time":18,"minecraft:walk_under_water_one_cm":463,"minecraft:drop":1,"minecraft:jump":145,"minecraft:time_since_death":6189,"minecraft:leave_game":2,"minecraft:walk_on_water_one_cm":2201,"minecraft:total_world_time":6189,"minecraft:interact_with_crafting_table":2,"minecraft:swim_one_cm":20765,"minecraft:fall_one_cm":4004,"minecraft:fly_one_cm":28044},"minecraft:mined":{"minecraft:large_fern":3,"minecraft:coal_ore":10,"minecraft:dirt":1,"minecraft:spruce_leaves":2,"minecraft:spruce_log":5,"minecraft:stone":3,"minecraft:fern":1},"minecraft:dropped":{"minecraft:wheat_seeds":1},"minecraft:used":{"minecraft:crafting_table":1,"minecraft:stone_pickaxe":10,"minecraft:spruce_planks":4,"minecraft:wooden_pickaxe":3},"minecraft:picked_up":{"minecraft:wheat_seeds":1,"minecraft:spruce_log":5,"minecraft:coal":10,"minecraft:dirt":1,"minecraft:cobblestone":3}},"DataVersion":3953}