{"stats":{"minecraft:custom":{"minecraft:jump":29,"minecraft:time_since_rest":2234,"minecraft:leave_game":1,"minecraft:walk_on_water_one_cm":222,"minecraft:damage_taken":60,"minecraft:sprint_one_cm":9025,"minecraft:play_time":2234,"minecraft:time_since_death":2234,"minecraft:walk_one_cm":6835,"minecraft:total_world_time":2234,"minecraft:fall_one_cm":1332,"minecraft:fly_one_cm":2593},"minecraft:mined":{"minecraft:spruce_leaves":3,"minecraft:spruce_log":10,"minecraft:fern":2},"minecraft:picked_up":{"minecraft:spruce_log":10}},"DataVersion":3953}