{"stats":{"minecraft:custom":{"minecraft:jump":42,"minecraft:time_since_rest":6038,"minecraft:damage_taken":80,"minecraft:leave_game":6,"minecraft:sprint_one_cm":14218,"minecraft:time_since_death":6038,"minecraft:play_time":6038,"minecraft:walk_on_water_one_cm":712,"minecraft:walk_one_cm":8638,"minecraft:total_world_time":6038,"minecraft:walk_under_water_one_cm":2128,"minecraft:swim_one_cm":8070,"minecraft:fly_one_cm":4257,"minecraft:fall_one_cm":1332},"minecraft:mined":{"minecraft:spruce_leaves":3,"minecraft:spruce_log":10,"minecraft:fern":2},"minecraft:picked_up":{"minecraft:spruce_log":10}},"DataVersion":3953}